station_id,station_name,city,state,n_observations,missing_pm25_pct,date_range_start,date_range_end,expected_hourly_slots,continuity_pct,usable_training_rows
UP014,"Lalbagh, Lucknow - CPCB",Lucknow,Uttar Pradesh,48192,17.14,2015-01-01 01:00:00,2020-07-01,48192,100.0,39931
UP012,"Central School, Lucknow - CPCB",Lucknow,Uttar Pradesh,48192,17.21,2015-01-01 01:00:00,2020-07-01,48192,100.0,39896
TN001,"Alandur Bus Depot, Chennai - CPCB",Chennai,Tamil Nadu,48192,17.94,2015-01-01 01:00:00,2020-07-01,48192,100.0,39548
KA009,"Peenya, Bengaluru - CPCB",Bengaluru,Karnataka,48192,20.5,2015-01-01 01:00:00,2020-07-01,48192,100.0,38314
DL031,"R K Puram, Delhi - DPCC",Delhi,Delhi,45950,17.31,2015-04-04 11:00:00,2020-07-01,45950,100.0,37992
KA003,"BWSSB Kadabesanahalli, Bengaluru - CPCB",Bengaluru,Karnataka,48192,21.55,2015-01-01 01:00:00,2020-07-01,48192,100.0,37806
DL021,"NSIT Dwarka, Delhi - CPCB",Delhi,Delhi,48192,23.43,2015-01-01 01:00:00,2020-07-01,48192,100.0,36901
DL002,"Anand Vihar, Delhi - DPCC",Delhi,Delhi,45950,19.9,2015-04-04 11:00:00,2020-07-01,45950,100.0,36802
DL028,"Punjabi Bagh, Delhi - DPCC",Delhi,Delhi,45872,24.39,2015-04-07 17:00:00,2020-07-01,45872,100.0,34676
TN004,"Velachery Res. Area, Chennai - CPCB",Chennai,Tamil Nadu,48192,30.07,2015-01-01 01:00:00,2020-07-01,48192,100.0,33700
TN003,"Manali, Chennai - CPCB",Chennai,Tamil Nadu,48192,30.32,2015-01-01 01:00:00,2020-07-01,48192,100.0,33579
TG005,"Sanathnagar, Hyderabad - TSPCB",Hyderabad,Telangana,48107,32.45,2015-01-04 14:00:00,2020-07-01,48107,100.0,32494
HR014,"Vikas Sadan, Gurugram - HSPCB",Gurugram,Haryana,40258,19.92,2015-11-27 15:00:00,2020-07-01,40258,100.0,32240
DL019,"Mandir Marg, Delhi - DPCC",Delhi,Delhi,45826,29.71,2015-04-09 15:00:00,2020-07-01,45826,100.0,32204
BR007,"IGSC Planetarium Complex, Patna - BSPCB",Patna,Bihar,44554,28.25,2015-06-01 15:00:00,2020-07-01,44554,100.0,31966
GJ001,"Maninagar, Ahmedabad - GPCB",Ahmedabad,Gujarat,48192,34.43,2015-01-01 01:00:00,2020-07-01,48192,100.0,31601
TG004,"IDA Pashamylaram, Hyderabad - TSPCB",Hyderabad,Telangana,33565,9.06,2016-09-01 12:00:00,2020-07-01,33565,100.0,30517
DL013,"IHBAS, Dilshad Garden, Delhi - CPCB",Delhi,Delhi,48192,38.28,2015-01-01 01:00:00,2020-07-01,48192,100.0,29740
DL034,"Sirifort, Delhi - CPCB",Delhi,Delhi,32051,9.71,2016-11-03 14:00:00,2020-07-01,32051,100.0,28933
TG003,"ICRISAT Patancheru, Hyderabad - TSPCB",Hyderabad,Telangana,29558,4.55,2017-02-15 11:00:00,2020-07-01,29558,100.0,28209
AP005,"GVM Corporation, Visakhapatnam - APPCB",Visakhapatnam,Andhra Pradesh,35053,23.16,2016-07-01 12:00:00,2020-07-01,35053,100.0,26928
TG006,"Zoo Park, Hyderabad - TSPCB",Hyderabad,Telangana,42321,37.0,2015-09-02 16:00:00,2020-07-01,42321,100.0,26659
PB001,"Golden Temple, Amritsar - PPCB",Amritsar,Punjab,29269,15.19,2017-02-27 12:00:00,2020-07-01,29269,100.0,24818
RJ005,"Police Commissionerate, Jaipur - RSPCB",Jaipur,Rajasthan,26705,8.11,2017-06-14 08:00:00,2020-07-01,26705,100.0,24540
TG002,"Central University, Hyderabad - TSPCB",Hyderabad,Telangana,26722,8.53,2017-06-13 15:00:00,2020-07-01,26722,100.0,24437
RJ004,"Adarsh Nagar, Jaipur - RSPCB",Jaipur,Rajasthan,23793,0.95,2017-10-13 16:00:00,2020-07-01,23793,100.0,23560
UP016,"Talkatora District Industries Center, Lucknow - CPCB",Lucknow,Uttar Pradesh,24199,3.0,2017-09-26 18:00:00,2020-07-01,24199,100.0,23466
KL008,"Plammoodu, Thiruvananthapuram - Kerala PCB",Thiruvananthapuram,Kerala,26651,12.16,2017-06-16 14:00:00,2020-07-01,26651,100.0,23406
RJ006,"Shastri Nagar, Jaipur - RSPCB",Jaipur,Rajasthan,23534,1.52,2017-10-24 11:00:00,2020-07-01,23534,100.0,23170
DL012,"IGI Airport (T3), Delhi - IMD",Delhi,Delhi,24840,9.07,2017-08-31 01:00:00,2020-07-01,24840,100.0,22588
DL017,"Lodhi Road, Delhi - IMD",Delhi,Delhi,24662,9.65,2017-09-07 11:00:00,2020-07-01,24662,100.0,22276
DL004,"Aya Nagar, Delhi - IMD",Delhi,Delhi,24661,9.77,2017-09-07 12:00:00,2020-07-01,24661,100.0,22245
TG001,"Bollaram Industrial Area, Hyderabad - TSPCB",Hyderabad,Telangana,29558,25.54,2017-02-15 11:00:00,2020-07-01,29558,100.0,22007
DL030,"Pusa, Delhi - IMD",Delhi,Delhi,24683,11.54,2017-09-06 14:00:00,2020-07-01,24683,100.0,21831
DL025,"North Campus, DU, Delhi - IMD",Delhi,Delhi,24840,13.36,2017-08-31 01:00:00,2020-07-01,24840,100.0,21515
DL010,"Dwarka-Sector 8, Delhi - DPCC",Delhi,Delhi,21137,0.87,2018-02-01 08:00:00,2020-07-01,21137,100.0,20951
DL024,"Nehru Nagar, Delhi - DPCC",Delhi,Delhi,21134,0.89,2018-02-01 11:00:00,2020-07-01,21134,100.0,20939
DL018,"Major Dhyan Chand National Stadium, Delhi - DPCC",Delhi,Delhi,21144,1.03,2018-02-01 01:00:00,2020-07-01,21144,100.0,20926
DL003,"Ashok Vihar, Delhi - DPCC",Delhi,Delhi,21136,1.31,2018-02-01 09:00:00,2020-07-01,21136,100.0,20854
DL027,"Patparganj, Delhi - DPCC",Delhi,Delhi,21134,1.62,2018-02-01 11:00:00,2020-07-01,21134,100.0,20785
DL015,"Jahangirpuri, Delhi - DPCC",Delhi,Delhi,21136,1.64,2018-02-01 09:00:00,2020-07-01,21136,100.0,20783
DL026,"Okhla Phase-2, Delhi - DPCC",Delhi,Delhi,21134,1.86,2018-02-01 11:00:00,2020-07-01,21134,100.0,20734
DL038,"Wazirpur, Delhi - DPCC",Delhi,Delhi,21134,2.01,2018-02-01 11:00:00,2020-07-01,21134,100.0,20704
DL035,"Sonia Vihar, Delhi - DPCC",Delhi,Delhi,21134,2.2,2018-02-01 11:00:00,2020-07-01,21134,100.0,20663
DL016,"Jawaharlal Nehru Stadium, Delhi - DPCC",Delhi,Delhi,21136,2.53,2018-02-01 09:00:00,2020-07-01,21136,100.0,20595
DL037,"Vivek Vihar, Delhi - DPCC",Delhi,Delhi,21134,2.64,2018-02-01 11:00:00,2020-07-01,21134,100.0,20571
DL032,"Rohini, Delhi - DPCC",Delhi,Delhi,21134,3.02,2018-02-01 11:00:00,2020-07-01,21134,100.0,20490
DL023,"Narela, Delhi - DPCC",Delhi,Delhi,21134,3.45,2018-02-01 11:00:00,2020-07-01,21134,100.0,20398
DL022,"Najafgarh, Delhi - DPCC",Delhi,Delhi,21134,4.19,2018-02-01 11:00:00,2020-07-01,21134,100.0,20242
KA002,"BTM Layout, Bengaluru - CPCB",Bengaluru,Karnataka,21685,7.98,2018-01-09 12:00:00,2020-07-01,21685,100.0,19948
AP001,"Secretariat, Amaravati - APPCB",Amaravati,Andhra Pradesh,22784,13.01,2017-11-24 17:00:00,2020-07-01,22784,100.0,19814
DL009,"Dr. Karni Singh Shooting Range, Delhi - DPCC",Delhi,Delhi,21136,10.73,2018-02-01 09:00:00,2020-07-01,21136,100.0,18869
WB013,"Victoria, Kolkata - WBPCB",Kolkata,West Bengal,19503,9.59,2018-04-10 10:00:00,2020-07-01,19503,100.0,17626
HR011,"NISE Gwal Pahari, Gurugram - IMD",Gurugram,Haryana,21912,21.1,2017-12-31 01:00:00,2020-07-01,21912,100.0,17283
DL036,"Sri Aurobindo Marg, Delhi - DPCC",Delhi,Delhi,17478,1.24,2018-07-03 19:00:00,2020-07-01,17478,100.0,17255
DL005,"Bawana, Delhi - DPCC",Delhi,Delhi,17454,2.43,2018-07-04 19:00:00,2020-07-01,17454,100.0,17023
DL020,"Mundka, Delhi - DPCC",Delhi,Delhi,17478,2.69,2018-07-03 19:00:00,2020-07-01,17478,100.0,17002
DL029,"Pusa, Delhi - DPCC",Delhi,Delhi,17478,6.1,2018-07-03 19:00:00,2020-07-01,17478,100.0,16405
KA011,"Silk Board, Bengaluru - KSPCB",Bengaluru,Karnataka,17574,7.6,2018-06-29 19:00:00,2020-07-01,17574,100.0,16233
OD001,"GM Office, Brajrajnagar - OSPCB",Brajrajnagar,Odisha,22468,28.09,2017-12-07 21:00:00,2020-07-01,22468,100.0,16150
KA004,"Bapuji Nagar, Bengaluru - KSPCB",Bengaluru,Karnataka,17674,11.12,2018-06-25 15:00:00,2020-07-01,17674,100.0,15704
KA007,"Hombegowda Nagar, Bengaluru - KSPCB",Bengaluru,Karnataka,17479,10.3,2018-07-03 18:00:00,2020-07-01,17479,100.0,15672
OD002,"Talcher Coalfields,Talcher - OSPCB",Talcher,Odisha,22161,29.79,2017-12-20 16:00:00,2020-07-01,22161,100.0,15559
KA006,"Hebbal, Bengaluru - KSPCB",Bengaluru,Karnataka,17677,12.11,2018-06-25 12:00:00,2020-07-01,17677,100.0,15532
DL006,"Burari Crossing, Delhi - IMD",Delhi,Delhi,20472,25.92,2017-08-31 01:00:00,2020-01-01,20472,100.0,15159
KA008,"Jayanagar 5th Block, Bengaluru - KSPCB",Bengaluru,Karnataka,17688,14.93,2018-06-25 01:00:00,2020-07-01,17688,100.0,15048
DL001,"Alipur, Delhi - DPCC",Delhi,Delhi,14338,4.82,2018-11-11 15:00:00,2020-07-01,14338,100.0,13641
UP015,"Nishant Ganj, Lucknow - UPPCB",Lucknow,Uttar Pradesh,18082,25.67,2017-12-08 15:00:00,2020-01-01,18082,100.0,13434
WB011,"Rabindra Bharati University, Kolkata - WBPCB",Kolkata,West Bengal,14463,10.47,2018-11-06 10:00:00,2020-07-01,14463,100.0,12943
AS001,"Railway Colony, Guwahati - APCB",Guwahati,Assam,12002,2.15,2019-02-16 23:00:00,2020-07-01,12002,100.0,11738
WB009,"Fort William, Kolkata - WBPCB",Kolkata,West Bengal,9516,1.45,2019-05-31 13:00:00,2020-07-01,9516,100.0,9378
MH010,"Powai, Mumbai - MPCB",Mumbai,Maharashtra,9422,1.55,2019-06-04 11:00:00,2020-07-01,9422,100.0,9270
WB010,"Jadavpur, Kolkata - WBPCB",Kolkata,West Bengal,9446,2.73,2019-06-03 11:00:00,2020-07-01,9446,100.0,9182
MH014,"Worli, Mumbai - MPCB",Mumbai,Maharashtra,9255,3.28,2019-06-11 10:00:00,2020-07-01,9255,100.0,8945
MH009,"Kurla, Mumbai - MPCB",Mumbai,Maharashtra,9370,9.11,2019-06-06 15:00:00,2020-07-01,9370,100.0,8510
MH011,"Sion, Mumbai - MPCB",Mumbai,Maharashtra,9035,6.02,2019-06-20 14:00:00,2020-07-01,9035,100.0,8485
MH008,"Colaba, Mumbai - MPCB",Mumbai,Maharashtra,8941,6.08,2019-06-24 12:00:00,2020-07-01,8941,100.0,8393
MH007,"Chhatrapati Shivaji Intl. Airport (T2), Mumbai - MPCB",Mumbai,Maharashtra,9423,11.94,2019-06-04 10:00:00,2020-07-01,9423,100.0,8292
TN005,"SIDCO Kurichi, Coimbatore - TNPCB",Coimbatore,Tamil Nadu,9229,11.63,2019-06-12 12:00:00,2020-07-01,9229,100.0,8150
MH013,"Vile Parle West, Mumbai - MPCB",Mumbai,Maharashtra,9441,20.46,2019-06-03 16:00:00,2020-07-01,9441,100.0,7503
TN002,"Manali Village, Chennai - TNPCB",Chennai,Tamil Nadu,9072,17.35,2019-06-19 01:00:00,2020-07-01,9072,100.0,7492
MH006,"Borivali East, Mumbai - MPCB",Mumbai,Maharashtra,9229,23.23,2019-06-12 12:00:00,2020-07-01,9229,100.0,7080
MH012,"Vasai West, Mumbai - MPCB",Mumbai,Maharashtra,9442,28.64,2019-06-03 15:00:00,2020-07-01,9442,100.0,6732
